Address,City,Name,Phone,query_technique,source_query,source_url
Owen Sound Office,Owen Sound,Ontario Disability Support Program - Income and Employment Supports (Owen Sound Office),519-376-1951,broad_net,Job Coaching Services in Greater Toronto Area (GTA) services,https://www.careersbydesign.ca/services/career-coach-toronto/
9th Ave E,Owen Sound,Grey County Social Services - Ontario Works (Owen Sound - 9th Ave E),519-376-7324,broad_net,Job Coaching Services in Greater Toronto Area (GTA) services,https://www.careersbydesign.ca/services/career-coach-toronto/
City Hall Annex - 82 Erie St,"Stratford, ON, N5A 2M4",Stratford Social Services Department,1-800-669-2948,broad_net,Job Coaching Services in Greater Toronto Area (GTA) services,https://www.careersbydesign.ca/services/career-coach-toronto/
138 Wyndham St N,"Guelph, ON",Wellington (County of) Social Services,519-837-2670,broad_net,Job Coaching Services in Greater Toronto Area (GTA) services,https://www.careersbydesign.ca/services/career-coach-toronto/
34 Simcoe St,"Barrie, ON","Ontario Ministry of Children, Community and Social Services - Ontario Disability Support Program (Barrie)",705-737-1311,broad_net,Job Coaching Services in Greater Toronto Area (GTA) services,https://www.careersbydesign.ca/services/career-coach-toronto/
"YWCA MacNab Main Location, Hamilton, ON, L8P 3C1",Hamilton,YWCA Hamilton Opportunities Program (YWCA MacNab Main Location),365-324-2361 / 365-324-7078,broad_net,Job Coaching Services in Greater Toronto Area (GTA) services,https://www.ymcagta.org/employment-services
"YMCA Employment Services Central Hamilton Location, Hamilton, ON, L8N 1E7",Hamilton,Integrated Employment Services (YMCA Employment Services Central Hamilton Location),905-540-9679,broad_net,Job Coaching Services in Greater Toronto Area (GTA) services,https://www.ymcagta.org/employment-services
"PATH Employment Resource Centre, Hamilton, ON, L8P 1A1",Hamilton,Integrated Employment Services (PATH Employment Resource Centre),905-528-6611,broad_net,Job Coaching Services in Greater Toronto Area (GTA) services,https://www.ymcagta.org/employment-services
"Hamilton, ON, L8R 1Y6",Hamilton,Community Living Hamilton Office,905-528-0281,broad_net,Job Coaching Services in Greater Toronto Area (GTA) services,https://www.ymcagta.org/employment-services
"Hamilton, ON, L8R 1B1",Hamilton,Goodwill Business Services (Goodwill Career and Donation Centre - Hamilton Downtown),905-526-8482 x2257,broad_net,Job Coaching Services in Greater Toronto Area (GTA) services,https://www.ymcagta.org/employment-services
"Hamilton, ON, L9C 3A6",Hamilton,VPI Employment Services (Hamilton Location),905-387-2220,broad_net,Job Coaching Services in Greater Toronto Area (GTA) services,https://www.ymcagta.org/employment-services
"Hamilton, ON, L8S 1G5",Hamilton,Agilec Hamilton Office,905-667-0761,broad_net,Job Coaching Services in Greater Toronto Area (GTA) services,https://www.ymcagta.org/employment-services
"Hamilton, ON, L8V 5B7",Hamilton,Goodwill Industries - Integrated Employment Services (Goodwill Career and Donation Centre - Hamilton Mountain),905-526-8488 x1307,broad_net,Job Coaching Services in Greater Toronto Area (GTA) services,https://www.ymcagta.org/employment-services
"Hamilton, ON, L8T 1R9",Hamilton,March of Dimes Canada Employment Services Hamilton Office,1-833-612-6632,broad_net,Job Coaching Services in Greater Toronto Area (GTA) services,https://www.ymcagta.org/employment-services
"Burlington, ON, L7T 4K2",Burlington,Bartimaeus Rehabilitation Services Inc,905-447-2764,broad_net,Job Coaching Services in Greater Toronto Area (GTA) services,https://www.ymcagta.org/employment-services
"Dundas, ON, L9H 5E2",Dundas,CHOICES Association Inc. Services,905-628-1685,broad_net,Job Coaching Services in Greater Toronto Area (GTA) services,https://www.ymcagta.org/employment-services
"Burlington, ON, L7M 1A1",Burlington,Community Living Burlington - Mainway (Integrated Employment Services),905-979-6319,broad_net,Job Coaching Services in Greater Toronto Area (GTA) services,https://www.ymcagta.org/employment-services
"Burlington, ON, L7M 4C6",Burlington,Goodwill Career Centre - Ontario Disability Support Program Employment Supports,905-633-8324 ext 2221,broad_net,Job Coaching Services in Greater Toronto Area (GTA) services,https://www.ymcagta.org/employment-services
"Itabashi Way, Burlington, ON, L7M 5A5",Burlington,"Ontario Disability Support Program (Ontario. Ministry of Children, Community and Social Services)",1-800-567-6388 / 905-637-4500,broad_net,Job Coaching Services in Greater Toronto Area (GTA) services,https://www.ymcagta.org/employment-services
"Oakville, ON, L6L 4B1",Oakville,Job Centre (The) - Integrated Employment Services,1-800-350-8361 / 905-842-8787,broad_net,Job Coaching Services in Greater Toronto Area (GTA) services,https://www.ymcagta.org/employment-services
"Grimsby, ON, L3M 4H6",Grimsby,Inclusion West Niagara - Integrated Employment Services,905-563-4115 ext 143,broad_net,Job Coaching Services in Greater Toronto Area (GTA) services,https://www.ymcagta.org/employment-services
"Mississauga, ON, L4W 0A9",Mississauga,Jake's House for Children with Autism - Head Office,416-247-5253,broad_net,Job Coaching Services in Greater Toronto Area (GTA) services,https://www.ymcagta.org/employment-services
"Kitchener, ON, N2J 3C4",Kitchener,Karis Disability Services - Corporate Office,1-866-362-6810 / 519-783-6810,broad_net,Job Coaching Services in Greater Toronto Area (GTA) services,https://www.ymcagta.org/employment-services
"5690 McAdam Road, Mississauga, ON L4Z 1T2",Mississauga,Dearie Contracting Inc.,905-625-9113,broad_net,Job Coaching Services in Greater Toronto Area (GTA) services,https://workingskillscentre.com/employment-services/
"520 Sutherland Drive, Toronto, Ontario M4G 3V9",Toronto,Accessible Employment Services,416-422-5644,broad_net,Job Coaching Services in Greater Toronto Area (GTA) services,https://www.lisapetsinis.com
"1600 Carling Avenue, Ottawa, Ontario K1Z 1G3",Ottawa,Acclaim Ability Management,613-247-3010,broad_net,Job Coaching Services in Greater Toronto Area (GTA) services,https://www.lisapetsinis.com
"263 Queen Street East, Unit 14, Brampton, Ontario L6W WK6",Brampton,Achēv,905-595-0722,broad_net,Job Coaching Services in Greater Toronto Area (GTA) services,https://www.lisapetsinis.com
"7420 Airport Road, Suite 104, Mississauga Ontario L4T 4E5",Mississauga,Achēv,905-677-0007,broad_net,Job Coaching Services in Greater Toronto Area (GTA) services,https://www.lisapetsinis.com
"420 Hwy 7 East #204B Richmond Hill, ON, L4B 3K2",Richmond Hill,Achēv,855-330-8655,broad_net,Job Coaching Services in Greater Toronto Area (GTA) services,https://www.lisapetsinis.com
"29 Connell Court, Unit 3., Toronto, Ontario M8Z 5T7",Toronto,Brands for Canada (EDGE Program),416-703-8435,broad_net,Job Coaching Services in Greater Toronto Area (GTA) services,https://www.lisapetsinis.com
"1867 Yonge Street, Suite 906, Toronto, Ontario M4S 1Y5",Toronto,Canadian Council on Rehabilitation and Work,1-800-664-0925,broad_net,Job Coaching Services in Greater Toronto Area (GTA) services,https://www.lisapetsinis.com
"271 Spadina Road, Toronto, Ontario M5R 2V3",Toronto,Canadian Hearing Services,1-866-518-0000,broad_net,Job Coaching Services in Greater Toronto Area (GTA) services,https://www.lisapetsinis.com
"1541 Merivale Road, Unit C, Nepean, Ontario K2G 5W1",Nepean,Canadian Hearing Services,877-518-0000,broad_net,Job Coaching Services in Greater Toronto Area (GTA) services,https://www.lisapetsinis.com
"2 County Court Blvd, Suite 302, Brampton, ON L6W 3W8",Brampton,CBI Health,905-455-8083,broad_net,Job Coaching Services in Greater Toronto Area (GTA) services,https://www.lisapetsinis.com
"676, rue principale, Casselman, Ontario K0A 1M0",Casselman,Centre de services à l’emploi de Prescott-Russell Inc,613-632-0179,broad_net,Job Coaching Services in Greater Toronto Area (GTA) services,https://www.lisapetsinis.com
"370 Catherine Street, Ottawa, Ontario K1R 5T5",Ottawa,City of Ottawa,613-580-2424,broad_net,Job Coaching Services in Greater Toronto Area (GTA) services,https://www.lisapetsinis.com
"6695 Millcreek Drive, Unit 1, Mississauga, Ontario L5N 5R8",Mississauga,Community Living Mississauga,905-542-2694,broad_net,Job Coaching Services in Greater Toronto Area (GTA) services,https://www.lisapetsinis.com
"50 Fairfax Cresent, Scarborough, Ontario M1L 1Z8",Toronto,Community Living Toronto,416-750-0666,broad_net,Job Coaching Services in Greater Toronto Area (GTA) services,https://www.lisapetsinis.com
"20 Spadaina Road, Toronto, Ontario M5R 2S7",Toronto,Community Living Toronto,416-968-0650,broad_net,Job Coaching Services in Greater Toronto Area (GTA) services,https://www.lisapetsinis.com
"1122 Finch Avenue West, Unit 18, Toronto, Ontario M3J 3J5",Toronto,Community Living Toronto,416-225-7166,broad_net,Job Coaching Services in Greater Toronto Area (GTA) services,https://www.lisapetsinis.com
"65 The East Mall, Etobicoke, Ontario M8Z 5W3",Toronto,Community Living Toronto,416-236-7621,broad_net,Job Coaching Services in Greater Toronto Area (GTA) services,https://www.lisapetsinis.com
"2100 Ellesmere Road, Unit 109 (Ground Floor), Toronto, Ontario M1H 3B7",Toronto,Community Outreach Canada,416-271-9916,broad_net,Job Coaching Services in Greater Toronto Area (GTA) services,https://www.lisapetsinis.com
"300 Supertest Road, Unit 4, North York, Ontario M3J 2M2",Toronto,Corbrook,416-245-5565,broad_net,Job Coaching Services in Greater Toronto Area (GTA) services,https://www.lisapetsinis.com
"1263 Wilson Avenue, 3rd Floor Toronto, Ontario M3M 3G2",Toronto,COSTI,647-827-1425,broad_net,Job Coaching Services in Greater Toronto Area (GTA) services,https://www.lisapetsinis.com
"1885 Weston Road, Toronto, Ontario M9N 1V9",Toronto,COSTI,416-588-2240,broad_net,Job Coaching Services in Greater Toronto Area (GTA) services,https://www.lisapetsinis.com
"10 Gillingham Drive, Suite 300, Brampton, Ontario L6X 5A5",Brampton,COSTI,905-459-8855,broad_net,Job Coaching Services in Greater Toronto Area (GTA) services,https://www.lisapetsinis.com
"6750 Winston Churchill Boulevard, Suite 8A, Mississauga, Ontario L5N 4C4",Mississauga,COSTI,905-567-0482,broad_net,Job Coaching Services in Greater Toronto Area (GTA) services,https://www.lisapetsinis.com
"3100 Rutherford Road, Suite 102, Vaughan, Ontario L4K 0G6",Vaughan,COSTI,905-669-5627,broad_net,Job Coaching Services in Greater Toronto Area (GTA) services,https://www.lisapetsinis.com
"191 King Street East, Prescott, Ontario K0E 1T0",Prescott,CSE Consulting,613-925-0222,broad_net,Job Coaching Services in Greater Toronto Area (GTA) services,https://www.lisapetsinis.com
"125 Prescott Street, Unit 3/4, Kemptville, Ontario K0G 1J0",Kemptville,CSE Consulting,613-258-6576,broad_net,Job Coaching Services in Greater Toronto Area (GTA) services,https://www.lisapetsinis.com
"5000 Yonge Street, Suite 1901, Toronto ON M2N 7E9",Toronto,CVE Inc.,1 888-862-3825,broad_net,Job Coaching Services in Greater Toronto Area (GTA) services,https://www.lisapetsinis.com
"1547 Merivale Road, Suite 420, Ottawa, Ontario K2G 4V3",Ottawa,CVE Inc.,613-237-7368,broad_net,Job Coaching Services in Greater Toronto Area (GTA) services,https://www.lisapetsinis.com
"3650 Dixie Road, Suite 103, Mississauga, Ontario L4Y 3V9",Mississauga,Dixie Bloor Neighbourhood Centre,905-624-2442,broad_net,Job Coaching Services in Greater Toronto Area (GTA) services,https://www.lisapetsinis.com
"58 Sumach Street, Toronto, Ontario M5A 3J7",Toronto,Dixon Hall,416-956-4949,broad_net,Job Coaching Services in Greater Toronto Area (GTA) services,https://www.lisapetsinis.com
"105 Strowger Boulevard, Box 191, Brockville, Ontario K6V 5V2",Brockville,Employment + Education Centre,613-498-2111,broad_net,Job Coaching Services in Greater Toronto Area (GTA) services,https://www.lisapetsinis.com
"1425 Bayview Avenue, Suite 101, Toronto, Ontario M4G 3A9",Toronto,Epilepsy Toronto,416-964-9095,broad_net,Job Coaching Services in Greater Toronto Area (GTA) services,https://www.lisapetsinis.com
"5975 Whittle Road, Suite 300, Mississauga, Ontario L4Z 3N1",Mississauga,Family Services of Peel,905-366-0322,broad_net,Job Coaching Services in Greater Toronto Area (GTA) services,https://www.lisapetsinis.com
"1325 Eglinton Avenue East, Unit 213, Mississauga, Ontario, L4W 4L9",Mississauga,Job Skills,905-453-7896,broad_net,Job Coaching Services in Greater Toronto Area (GTA) services,https://www.lisapetsinis.com
"4961 Highway 7, Unit 100/101, Markham, Ontario L3R 1N1",Markham,Job Skills,905-948-9996,broad_net,Job Coaching Services in Greater Toronto Area (GTA) services,https://www.lisapetsinis.com
"155 Riverglen Drive, Unit 7, Keswick, Ontario L4P 3M3",Keswick,Job Skills,905-476-8088,broad_net,Job Coaching Services in Greater Toronto Area (GTA) services,https://www.lisapetsinis.com
"70 Innovator Avenue, Unit 5, Stouffville, Ontario L4A 0Y2",Stouffville,Job Skills,905-640-3909,broad_net,Job Coaching Services in Greater Toronto Area (GTA) services,https://www.lisapetsinis.com
"144 Pitt Street, Cornwall, Ontario K6J 3P4",Cornwall,Job Zone d’emploi – Stormont,613-933-9675,broad_net,Job Coaching Services in Greater Toronto Area (GTA) services,https://www.lisapetsinis.com
"74 Tycos Drive, Toronto, Ontario M6B 1V9",Toronto,JVS,416-787-1151,broad_net,Job Coaching Services in Greater Toronto Area (GTA) services,https://www.lisapetsinis.com
"1280 Finch Avenue West, Suite 607, Toronto, Ontario M3J 3K6",Toronto,JVS,416-661-3010,broad_net,Job Coaching Services in Greater Toronto Area (GTA) services,https://www.lisapetsinis.com
"2868 Ellesmere Road, Scarborough, Ontario M1E 4B8",Scarborough,JVS,416-123-4567,broad_net,Job Coaching Services in Greater Toronto Area (GTA) services,https://www.lisapetsinis.com
"1911 Finch Avenue West, Unit 3, North York, Ontario M3N 2V2",North York,JVS,416-636-2481,broad_net,Job Coaching Services in Greater Toronto Area (GTA) services,https://www.lisapetsinis.com
"184 Front Street East, Suite 203, Toronto, Ontario M5A 4N3",Toronto,JVS,416-929-4331,broad_net,Job Coaching Services in Greater Toronto Area (GTA) services,https://www.lisapetsinis.com
"30 Karachi Drive, Unit 66, Markham, Ontario L3S 0B6",Markham,JVS,905-470-9675,broad_net,Job Coaching Services in Greater Toronto Area (GTA) services,https://www.lisapetsinis.com
"375 William Street S, Gananoque, Ontario K7G 1T2",Gananoque,KEYS Employment and Newcomer Services – Gananoque,613-382-1085,broad_net,Job Coaching Services in Greater Toronto Area (GTA) services,https://www.lisapetsinis.com
"895 Don Mills Road, Tower 2, Suite 740, Toronto, Ontario M3C 1W3",Toronto,Labour Education Centre,416-537-6532,broad_net,Job Coaching Services in Greater Toronto Area (GTA) services,https://www.lisapetsinis.com
"2 Lansing Square, Suite 506, Toronto, Ontario M2J 4P8",Toronto,LDATD,416-224-5150,broad_net,Job Coaching Services in Greater Toronto Area (GTA) services,https://www.lisapetsinis.com
"7 Bayview Station Road, Ottawa, Ontario K1Y 3B5",Ottawa,LiveWorkPlay,613-235-9550,broad_net,Job Coaching Services in Greater Toronto Area (GTA) services,https://www.lisapetsinis.com
"99 Duncan Mill Road, Toronto, Ontario M3B 1Z2",Toronto,March of Dimes Canada,416-425-3463,broad_net,Job Coaching Services in Greater Toronto Area (GTA) services,https://www.lisapetsinis.com
"91 Cornelia Street West, Suite A7, Smiths Falls, Ontario K7A 5L3",Smiths Falls,March of Dimes Canada,613-549-4141,broad_net,Job Coaching Services in Greater Toronto Area (GTA) services,https://www.lisapetsinis.com
"117 Centrepointe Drive, Suite 250, Ottawa, Ontario K2G 5X3",Ottawa,March of Dimes Canada,613-596-3463,broad_net,Job Coaching Services in Greater Toronto Area (GTA) services,https://www.lisapetsinis.com
"2227 South Millway, Suite 201, Mississauga, Ontario L5L 3R6",Mississauga,March of Dimes Canada,905-607-3463,broad_net,Job Coaching Services in Greater Toronto Area (GTA) services,https://www.lisapetsinis.com
"13311 Yonge Street, Suite 202, Richmond Hill, Ontario L4E 3L6",Richmond Hill,March of Dimes Canada,905-895-7529,broad_net,Job Coaching Services in Greater Toronto Area (GTA) services,https://www.lisapetsinis.com
"21 Park Road, Toronto, Ontario M4W 2N1",Toronto,Margaret’s Housing and Community Support Services (Margaret’s),416-463-1481,broad_net,Job Coaching Services in Greater Toronto Area (GTA) services,https://www.lisapetsinis.com
"355 Church Street, Toronto, Ontario M5P 2G7",Toronto,Newcomer Women’s Services Toronto,647-224-1371,broad_net,Job Coaching Services in Greater Toronto Area (GTA) services,https://www.lisapetsinis.com
"245 Fairview Mall Drive, North York, Ontario M2J 4T1",North York,Newcomer Women’s Services Toronto,416-925-5462,broad_net,Job Coaching Services in Greater Toronto Area (GTA) services,https://www.lisapetsinis.com
"921 Danforth Avenue, Toronto, Ontario M4J 1L8",Toronto,Oasis Addiction Recovery Society,416-461-7739,broad_net,Job Coaching Services in Greater Toronto Area (GTA) services,https://www.lisapetsinis.com
"52 Abbott Street N, Smiths Falls, Ontario K7A 1W3",Smiths Falls,ontrac Employment Resource Services,613-283-6978,broad_net,Job Coaching Services in Greater Toronto Area (GTA) services,https://www.lisapetsinis.com
"3195 Sheppard Avenue East, Unit 1A, Toronto, Ontario M1T 3K1",Toronto,Operation Springboard,416-849-4421,broad_net,Job Coaching Services in Greater Toronto Area (GTA) services,https://www.lisapetsinis.com
"975 Meyerside Drive, Mississauga, Ontario L5T 1P9",Mississauga,Peel Career Assessment Services – PCAS,905-670-1967,broad_net,Job Coaching Services in Greater Toronto Area (GTA) services,https://www.lisapetsinis.com
"150 Elgin Street, Ottawa, Ontario K2P 1L4",Ottawa,Performance Plus Rehabilitative Care Inc. – Ottawa (Head Office),613-748-3220 ext 2220,broad_net,Job Coaching Services in Greater Toronto Area (GTA) services,https://www.lisapetsinis.com
"2529 Carling Avenue, 2nd floor, Ottawa, Ontario K2B 7H6",Ottawa,Pinecrest-Queensway Community Health Centre,613-288-3880,broad_net,Job Coaching Services in Greater Toronto Area (GTA) services,https://www.lisapetsinis.com
"3363 Bloor Street West, Etobicoke, Ontario M8X 1G2",Etobicoke,Polycultural Immigrant and Community Services,416-233-0055,broad_net,Job Coaching Services in Greater Toronto Area (GTA) services,https://www.lisapetsinis.com
"3225 Eglinton Avenue East, Units 101 & 111, Scarborough, Ontario M1J 2H7",Scarborough,Polycultural Immigrant and Community Services,416-261-4901,broad_net,Job Coaching Services in Greater Toronto Area (GTA) services,https://www.lisapetsinis.com
"3660 Midland Avenue, Unit 500, Scarborough, Ontario M1V 0B8",Scarborough,Polycultural Immigrant and Community Services,416-439-1293,broad_net,Job Coaching Services in Greater Toronto Area (GTA) services,https://www.lisapetsinis.com
"1200 Markham Road, Suite 400, Scarborough, Ontario M1H 3C3",Scarborough,Progress Career Planning Institute,416-439-8448,broad_net,Job Coaching Services in Greater Toronto Area (GTA) services,https://www.lisapetsinis.com
"5353 Dundas Street West, Suite 300, Etobicoke, Ontario M9B 6H8",Etobicoke,PTP Adult Learning and Employment Programs,416-239-7309,broad_net,Job Coaching Services in Greater Toronto Area (GTA) services,https://www.lisapetsinis.com
"1326 Gerrard Street E, Toronto, Ontario M4L 1Z1",Toronto,Riverdale Immigrant Women’s Centre,416-465-6021,broad_net,Job Coaching Services in Greater Toronto Area (GTA) services,https://www.lisapetsinis.com
"4151 Sheppard Avenue East, Main Floor, Scarborough, Ontario M1S 1T4",Scarborough,RNC Employment Services,416-297-9373,broad_net,Job Coaching Services in Greater Toronto Area (GTA) services,https://www.lisapetsinis.com
"90 Burnhamthorpe Road West, Unit #1400, Mississauga, ON L5B 0H9",Mississauga,RNC Employment Services,905-696-9952,broad_net,Job Coaching Services in Greater Toronto Area (GTA) services,https://www.lisapetsinis.com
"222 Wellington Street East, Main floor, Aurora, Ontario L4G 1J5",Aurora,RNC Employment Services,905-727-3777,broad_net,Job Coaching Services in Greater Toronto Area (GTA) services,https://www.lisapetsinis.com
"1345 Street Clair Avenue, 2nd Floor, Toronto, Ontario M6E 163",Toronto,Skills for Change,416-572-0490,broad_net,Job Coaching Services in Greater Toronto Area (GTA) services,https://www.lisapetsinis.com
"65 Overlea Blvd, Suite 260, Toronto, Ontario M4H 1P1",Toronto,Skills for Change,416-645-2489,broad_net,Job Coaching Services in Greater Toronto Area (GTA) services,https://www.lisapetsinis.com
"87 Pembroke Street, Toronto, Ontario M5A 2N9",Toronto,Street Haven,416-967-6060,broad_net,Job Coaching Services in Greater Toronto Area (GTA) services,https://www.lisapetsinis.com
"7900 Hurontario Street, Suite 202, Brampton, L6Y OP6",Brampton,The Bennett Edge,905-459-4060,broad_net,Job Coaching Services in Greater Toronto Area (GTA) services,https://www.lisapetsinis.com
"2150 Islington Avenue, Suite 210, Etobicoke, Ontario M9P 3V4",Etobicoke,The Career Foundation,416-235-1091,broad_net,Job Coaching Services in Greater Toronto Area (GTA) services,https://www.lisapetsinis.com
"2100 Lawrence Avenue W, Suite 103, York, Ontario M9N 3W3",York,The Career Foundation,416-243-0066,broad_net,Job Coaching Services in Greater Toronto Area (GTA) services,https://www.lisapetsinis.com
"2437 Kingston Road, Suite 102, Scarborough, Ontario M1N 1V4",Scarborough,The Career Foundation,416-264-2100,broad_net,Job Coaching Services in Greater Toronto Area (GTA) services,https://www.lisapetsinis.com
"700 Lawrence Avenue West, Suite 435, Ontario M6A 3B4",Toronto,The Career Foundation,416-789-4862,broad_net,Job Coaching Services in Greater Toronto Area (GTA) services,https://www.lisapetsinis.com
"21 St Clair Avenue East, Suite 1200, Toronto, Ontario M4T 1L9",Toronto,The Career Foundation,416-920-5144,broad_net,Job Coaching Services in Greater Toronto Area (GTA) services,https://www.lisapetsinis.com
"52 Village Centre Place Mississauga, Unit 100, Ontario L4Z 1V9",Mississauga,The Job Centre,905-842-8787,broad_net,Job Coaching Services in Greater Toronto Area (GTA) services,https://www.lisapetsinis.com
"116 Industry Street, Suite 2028, Toronto, Ontario M6M 4L8",Toronto,The Learning Enrichment Foundation,416-769-0830,broad_net,Job Coaching Services in Greater Toronto Area (GTA) services,https://www.lisapetsinis.com
"1415 Bathurst Street Toronto, Ontario M5R 3H8",Toronto,The Neighbourhood Group Community Services (TNGCS),416-925-2103 Ext 4000,broad_net,Job Coaching Services in Greater Toronto Area (GTA) services,https://www.lisapetsinis.com
"8199 Yonge Street, Unit 101B, Thornhill, Ontario L3T 2C6",Thornhill,Thornhill Employment Hub,905-707-7332,broad_net,Job Coaching Services in Greater Toronto Area (GTA) services,https://www.lisapetsinis.com
"2 Carlton Street, Suite 701, Toronto, Ontario M5B 1J3",Toronto,Times Change Women’s Employment Service,416-927-1900,broad_net,Job Coaching Services in Greater Toronto Area (GTA) services,https://www.lisapetsinis.com
"45 Overlea Blvd, Unit 200, East York Town Centre, Toronto, ON M4H 1C3",Toronto,TNO- The Neighbourhood Organization,416-467-0126,broad_net,Job Coaching Services in Greater Toronto Area (GTA) services,https://www.lisapetsinis.com
"1 Eglinton Ave East Suite 703 Toronto, ON M4P 3A1",Toronto,Toronto Community Employment Services,416-488-0084,broad_net,Job Coaching Services in Greater Toronto Area (GTA) services,https://www.lisapetsinis.com
"3850 Sheppard Ave East, Scarborough, Ontario M1T 3L4",Scarborough,Toronto District School Board – Next Steps Employment,416-396-8110,broad_net,Job Coaching Services in Greater Toronto Area (GTA) services,https://www.lisapetsinis.com
"3030 Don Mills Road, North York, Ontario M2J 3K3",North York,Toronto District School Board – Next Steps Employment,416-395-5101,broad_net,Job Coaching Services in Greater Toronto Area (GTA) services,https://www.lisapetsinis.com
"1000 Gerrard Street East, 2nd floor, Toronto, Ontario M4M 3G6",Toronto,Toronto District School Board – Next Steps Employment,416-396-2313,broad_net,Job Coaching Services in Greater Toronto Area (GTA) services,https://www.lisapetsinis.com
"3701 Chesswood Drive, Suite 100, North York, Ontario M3J 2P6",North York,Toronto District School Board – Next Steps Employment,416-395-9559,broad_net,Job Coaching Services in Greater Toronto Area (GTA) services,https://www.lisapetsinis.com
"6435 Erin Mills Parkway, Units C-03 and C-02, Mississauga ON LHN 4H4 (Battleford Centre)",Mississauga,Toronto District School Board – Next Steps Employment,905-814-8406,broad_net,Job Coaching Services in Greater Toronto Area (GTA) services,https://www.lisapetsinis.com
1225 Dundas Street East Mississauga ON L4Y 2C5,Mississauga,Toronto District School Board – Next Steps Employment,905-896-2233,broad_net,Job Coaching Services in Greater Toronto Area (GTA) services,https://www.lisapetsinis.com
"4585 Highway 7, Unit 7, Woodbridge ON, L4L 9T8",Woodbridge,Toronto District School Board – Next Steps Employment,905-851-6551,broad_net,Job Coaching Services in Greater Toronto Area (GTA) services,https://www.lisapetsinis.com
"1527 Warden Avenue, Toronto, Ontario M1R 4Z8",Toronto,Toronto Skills & Employment Connections,416-750-9207,broad_net,Job Coaching Services in Greater Toronto Area (GTA) services,https://www.lisapetsinis.com
"505 Consumers Road, Suite 102, North York, Ontario M2J 4V8",North York,Tropicana Community Services Organization,416-491-7000,broad_net,Job Coaching Services in Greater Toronto Area (GTA) services,https://www.lisapetsinis.com
"23 Grange Road, Toronto, Ontario M5T 1C3",Toronto,University Settlement,416-598-3444,broad_net,Job Coaching Services in Greater Toronto Area (GTA) services,https://www.lisapetsinis.com
"219 Dufferin Street, Building 201, Suite 1C, Toronto, Ontario M6K 3J1",Toronto,WoodGreen,416-645-6000,broad_net,Job Coaching Services in Greater Toronto Area (GTA) services,https://www.lisapetsinis.com
"240 Centrum Boulevard, Unit 105, Orleans, Ontario K1E 3J4",Ottawa,YMCA,343-588-1680,broad_net,Job Coaching Services in Greater Toronto Area (GTA) services,https://www.lisapetsinis.com
"1642 Merivale Road, 2nd floor, Nepean, Ontario K2G 4A1",Ottawa,YMCA,613-688-2150,broad_net,Job Coaching Services in Greater Toronto Area (GTA) services,https://www.lisapetsinis.com
"150 Isabella Street, Unit 201, Ottawa, Ontario K1S 5H3",Ottawa,YMCA,613-788-5001,broad_net,Job Coaching Services in Greater Toronto Area (GTA) services,https://www.lisapetsinis.com
"150 Kilgour Road, Toronto, Ontario, Canada M4G 1R8",Toronto,Holland Bloorview Kids Rehabilitation Hospital,416 425 6220,broad_net,Transitional Employment / Work Experience in County and municipal employment services,https://www.schenectadycountyny.gov/connects/job-seeker
"16 Edward Street South, Suite 120",Arnprior,ontrac Employment Resource Services,(613) 623-4680,broad_net,Transitional Employment / Work Experience in County and municipal employment services,https://www.aihr.com/hr-glossary/transitional-employment/
19536 Opeongo Line,Barry’s Bay,Community Employment Services (Barry’s Bay),(613) 756-8079,broad_net,Transitional Employment / Work Experience in County and municipal employment services,https://www.aihr.com/hr-glossary/transitional-employment/
92 Bridge Street,Carleton Place,Canadian Career Academy — The Employment Resource Centre (ERC),(613) 257-3237,broad_net,Transitional Employment / Work Experience in County and municipal employment services,https://www.aihr.com/hr-glossary/transitional-employment/
"1 Champlain Street, Unit A",Deep River,Employment Service,(613) 584-1717,broad_net,Transitional Employment / Work Experience in County and municipal employment services,https://www.aihr.com/hr-glossary/transitional-employment/
240 Bridge Street,Eganville,Community Employment Services (Eganville),(613) 628-1700,broad_net,Transitional Employment / Work Experience in County and municipal employment services,https://www.aihr.com/hr-glossary/transitional-employment/
141 Lake Street,Pembroke,Community Employment Services (Pembroke),(613) 735-4308,broad_net,Transitional Employment / Work Experience in County and municipal employment services,https://www.aihr.com/hr-glossary/transitional-employment/
"The Factory – Suite 102, 40 Sunset Boulevard",Perth,Community Employment Services (Perth),(613) 267-1381,broad_net,Transitional Employment / Work Experience in County and municipal employment services,https://www.aihr.com/hr-glossary/transitional-employment/
"3025 Petawawa Blvd., Unit D",Petawawa,Petawawa Employment Service,(613) 687-1717,broad_net,Transitional Employment / Work Experience in County and municipal employment services,https://www.aihr.com/hr-glossary/transitional-employment/
270 Argyle Street South,Renfrew,ontrac Employment Resource Services,(613) 432-3424,broad_net,Transitional Employment / Work Experience in County and municipal employment services,https://www.aihr.com/hr-glossary/transitional-employment/
"151 Yonge St, 11th Floor, Toronto",Toronto,Mindful Career,(647) 692-4750,broad_net,Transitional Employment / Work Experience in County and municipal employment services,https://pathwaystowork.acf.gov/pathways_publications/subsidized-employment-and-transitional-jobs
"895 Don Mills Road, 2 Morneau Shepell Centre, Suite 900, Toronto, ON M3C 1W3",Toronto,First Work,(416) 323-9557,broad_net,Inclusive Postsecondary Education Programs in Local community support agencies,https://www.p2pga.org/roadmap/post-secondary-education/inclusive-post-secondary-education-programs/
"180 Dundas Street West, Suite 2301, Toronto, ON M5G 1Z8",Toronto,"Canadian Mental Health Association, Ontario",1-800-875-6213,broad_net,Inclusive Postsecondary Education Programs in Local community support agencies,https://www.montclair.edu/ceel/research-and-innovation/increasing-access-to-college-project/inclusive-postsecondary-education-resources/
"1910 Yonge Street, Suite 115, Toronto, ON M4S 3B2",Toronto,Possibilities Clinic (Ontario Wide Office),1-833-482-5558; 1-416-482-5558,deep_dive,Supported Employment Programs Eligibility: developmental or physical disability in Ontario province-wide programs,https://www.jvstoronto.org/find-a-job/disability-employment-services/
"1263 Wilson Avenue, Toronto, Ontario M3M 3G3",Toronto,"Employment Services, Toronto",416.789.7925,deep_dive,Supported Employment Programs Eligibility: developmental or physical disability in Ontario province-wide programs,http://www.ontario.ca/page/people-disabilities
"65 Lillian St, Toronto, Ontario M4S 0A1",Toronto,Careers by Design Corp.,416-519-8408,deep_dive,Job Coaching Services Accommodation: accessible workplace and assistive technology in Greater Toronto Area (GTA) services,https://www.vpi-inc.com/persons-with-disabilities/
"151, Yonge Street, 11th floor, Toronto (Ontario) M5C 2W7",Toronto,Groom & Associates - Toronto,+1 (647) 243-7645,deep_dive,Job Coaching Services Accommodation: accessible workplace and assistive technology in Greater Toronto Area (GTA) services,https://www.ymcagta.org/about-us/disability-accessibility
"5925 Airport Road, Suite 200, Mississauga (Ontario) L4V 1W1",Mississauga,Groom & Associates - Mississauga,+1 (289) 799-3657,deep_dive,Job Coaching Services Accommodation: accessible workplace and assistive technology in Greater Toronto Area (GTA) services,https://www.ymcagta.org/about-us/disability-accessibility
"343 Preston Street, 11th Floor, Ottawa (Ontario) K1S 1N4",Ottawa,Groom & Associates - Ottawa,+1 (613) 686-4725,deep_dive,Job Coaching Services Accommodation: accessible workplace and assistive technology in Greater Toronto Area (GTA) services,https://www.ymcagta.org/about-us/disability-accessibility
"140 Government Rd East, Kirkland Lake, ON P2N 3L8",Kirkland Lake,Kirkland Lake Area,705-567-9238,deep_dive,"Inclusive Postsecondary Education Programs Outcome: job placement, retention, and wage data in Local community support agencies",https://www.sciencedirect.com/science/article/abs/pii/S2211609524000046
"290 Armstrong St., New Liskeard, ON P0J 1P0",New Liskeard,Temiskaming Shores,705-672-5244,deep_dive,"Inclusive Postsecondary Education Programs Outcome: job placement, retention, and wage data in Local community support agencies",https://www.sciencedirect.com/science/article/abs/pii/S2211609524000046
"130 Spruce St S, Suite #2, Timmins, ON P4N 2M5",Timmins,Timmins Area,705-268-3033,deep_dive,"Inclusive Postsecondary Education Programs Outcome: job placement, retention, and wage data in Local community support agencies",https://www.sciencedirect.com/science/article/abs/pii/S2211609524000046
"24 First Street, Moosonee, Ontario, P0L1Y0",Moosonee,Moosonee & James Bay Area,705-336-2913 ext 5629,deep_dive,"Inclusive Postsecondary Education Programs Outcome: job placement, retention, and wage data in Local community support agencies",https://www.sciencedirect.com/science/article/abs/pii/S2211609524000046
"1325 Eglinton Avenue East, Unit 213, Mississauga, ON L4W 4L9",Mississauga,Mississauga Employment Services,905-273-3360,artifact_hunter,Job Coaching Services in Greater Toronto Area (GTA) services Agency service directories and web pages,https://achev.ca/services/employment-services/job-seeker/
"14-130 Davis Drive, Newmarket, ON L3Y 2N1",Newmarket,Head Office,905-898-5138,artifact_hunter,Job Coaching Services in Greater Toronto Area (GTA) services Agency service directories and web pages,https://achev.ca/services/employment-services/job-seeker/
"14-130 Davis Drive, Newmarket, ON L3Y 2N1",Newmarket,Newmarket Employment Programs (Right Fit for You),905-235-5255,artifact_hunter,Job Coaching Services in Greater Toronto Area (GTA) services Agency service directories and web pages,https://achev.ca/services/employment-services/job-seeker/
"8400 Woodbine Avenue, Suite 102-103, Markham, ON L3R 4N7",Markham,Markham North Welcome Centre,289-846-3645,artifact_hunter,Job Coaching Services in Greater Toronto Area (GTA) services Agency service directories and web pages,https://achev.ca/services/employment-services/job-seeker/
"60 Corporate Court, Guelph, ON, N1G 5J3",Guelph,Ontario Colleges (OCAS),+1 519-763-4725,artifact_hunter,Job Coaching Services in Greater Toronto Area (GTA) services Agency service directories and web pages,https://torontoservicedirectory.ca/record/93680855/ymca-of-greater-toronto-newcomers-integrated-employment-services-north-york-west-dufferin-street-centre/
"113 Lucas Hall, 1 University Boulevard, St. Louis, MO 63121-4400",St. Louis,"Office of Inclusive Postsecondary Education (OIPE), University of Missouri–St. Louis",(314) 516-5911,artifact_hunter,Job Coaching Services in Greater Toronto Area (GTA) services Agency service directories and web pages,http://www.ontario.ca/page/employment-ontario
"9 Elgin Street East, Suite 7",Cobourg,Watton Employment Services Inc.,905.372.1901,artifact_hunter,Vocational Rehabilitation Services in Ontario postsecondary institutions Client intake forms and eligibility CSVs,https://open.canada.ca/data/dataset/05b3abd0-e70f-4b3b-a9c5-acc436bd15b6/resource/b02f94b3-6555-4315-96ab-2658f61290c5/download/new_ongoing_programs_2023_updated.csv
3701 Danforth Avenue,Toronto,Variety Village,416-699-7167,artifact_hunter,Vocational Rehabilitation Services in Ontario postsecondary institutions Client intake forms and eligibility CSVs,https://www.blueprintsprograms.org/program-search-non-certified/?programSort=rating&output=csv&non-certified=1
"Yonge Street, Suite 2402","Toronto, ON",The Higher Education Quality Council of Ontario,(416) 212-3893,broad_net,Vocational Rehabilitation Services in Ontario postsecondary institutions,https://heqco.ca/wp-content/uploads/2020/03/EvaluatingPSESupportsForStudentsWithLearningDisabilities.pdf
"777 Bay Street, Toronto, Ontario",Toronto,Publications Ontario,1-800-668-9938 / (416) 326-5300,deep_dive,Supported Employment Programs Eligibility: developmental or physical disability in Ontario province-wide programs,https://eopg.labour.gov.on.ca/wp-content/uploads/2025/04/se-guidelines-program-en.pdf
"180 Dundas Street West, 7th floor, Toronto, Ontario M7A 2R9",Toronto,Ontario Human Rights Commission,"1-800-387-9080, (416) 314-4500",deep_dive,"Transitional Employment / Work Experience Funding: ODSP, Ministry grants, or WSIB supports in County and municipal employment services",https://eopg.labour.gov.on.ca/wp-content/uploads/2025/04/cojg-guidelines-2019-en.pdf
"Lot #473, Hwy 17, Cutler, ON, P0P 1B0",Cutler,"Mamaweswen, The North Shore Tribal Council",705-844-2340,deep_dive,"Transitional Employment / Work Experience Funding: ODSP, Ministry grants, or WSIB supports in County and municipal employment services",https://awic.ca/wp-content/uploads/2022/04/AWIC20-Dollars-and-Sense-2022.pdf
"122 East Street, Sault Ste. Marie, ON P6A 3C6",Sault Ste. Marie,Indian Friendship Centre,705-256-5634 ext. 2204,deep_dive,"Transitional Employment / Work Experience Funding: ODSP, Ministry grants, or WSIB supports in County and municipal employment services",https://awic.ca/wp-content/uploads/2022/04/AWIC20-Dollars-and-Sense-2022.pdf
"262 Queen Street East #202, Sault Ste. Marie, ON P6A 1Y7",Sault Ste. Marie,YesYouCan Employment Consulting,705-254-5870,deep_dive,"Transitional Employment / Work Experience Funding: ODSP, Ministry grants, or WSIB supports in County and municipal employment services",https://awic.ca/wp-content/uploads/2022/04/AWIC20-Dollars-and-Sense-2022.pdf
"550 Queen Street West, Sault Ste. Marie, ON P6A 1A6",Sault Ste. Marie,March of Dimes Canada,705-945-1044,deep_dive,"Transitional Employment / Work Experience Funding: ODSP, Ministry grants, or WSIB supports in County and municipal employment services",https://awic.ca/wp-content/uploads/2022/04/AWIC20-Dollars-and-Sense-2022.pdf
"137 Andrew Street, Sault Ste. Marie, ON P6A 1N1",Sault Ste. Marie,ER Employment Consulting,705-253-8973,deep_dive,"Transitional Employment / Work Experience Funding: ODSP, Ministry grants, or WSIB supports in County and municipal employment services",https://awic.ca/wp-content/uploads/2022/04/AWIC20-Dollars-and-Sense-2022.pdf
"130 Queen St East, Sault Ste. Marie, ON P6A 1Y5",Sault Ste. Marie,Canadian Hearing Society,705-946-4320,deep_dive,"Transitional Employment / Work Experience Funding: ODSP, Ministry grants, or WSIB supports in County and municipal employment services",https://awic.ca/wp-content/uploads/2022/04/AWIC20-Dollars-and-Sense-2022.pdf
"134 John Street, Sault Ste. Marie, ON P6A 1P1",Sault Ste. Marie,Métis Nation of Ontario,705-254-1768,deep_dive,"Transitional Employment / Work Experience Funding: ODSP, Ministry grants, or WSIB supports in County and municipal employment services",https://awic.ca/wp-content/uploads/2022/04/AWIC20-Dollars-and-Sense-2022.pdf
"2 Queen Street East, Sault Ste. Marie, ON P6A 1Y3",Sault Ste. Marie,FedNor,705-941-2070,deep_dive,"Transitional Employment / Work Experience Funding: ODSP, Ministry grants, or WSIB supports in County and municipal employment services",https://awic.ca/wp-content/uploads/2022/04/AWIC20-Dollars-and-Sense-2022.pdf
"65-B Broadway Avenue Box 6, Wawa, ON P0S 1K0",Wawa,Regional Employment Help Centre,705-856-1648,deep_dive,"Transitional Employment / Work Experience Funding: ODSP, Ministry grants, or WSIB supports in County and municipal employment services",https://awic.ca/wp-content/uploads/2022/04/AWIC20-Dollars-and-Sense-2022.pdf
"40 Prince Edward Walk, Elliot Lake, ON P5A 1Z8",Elliot Lake,Employment Options Emploi,705-848-5119,deep_dive,"Transitional Employment / Work Experience Funding: ODSP, Ministry grants, or WSIB supports in County and municipal employment services",https://awic.ca/wp-content/uploads/2022/04/AWIC20-Dollars-and-Sense-2022.pdf
"1 Industrial Park Rd., Suite 205, Blind River, ON P0R 1B0",Blind River,Employment Solutions,705-356-1611,deep_dive,"Transitional Employment / Work Experience Funding: ODSP, Ministry grants, or WSIB supports in County and municipal employment services",https://awic.ca/wp-content/uploads/2022/04/AWIC20-Dollars-and-Sense-2022.pdf
"477 Queen Street East, Suite 203, Sault Ste. Marie, ON P6A 1Z5",Sault Ste. Marie,Employment Solutions,705-945-0705,deep_dive,"Transitional Employment / Work Experience Funding: ODSP, Ministry grants, or WSIB supports in County and municipal employment services",https://awic.ca/wp-content/uploads/2022/04/AWIC20-Dollars-and-Sense-2022.pdf
111 Elgin St Unit 304,Sault Ste. Marie,Destination Northern Ontario,705-575-9779,deep_dive,"Transitional Employment / Work Experience Funding: ODSP, Ministry grants, or WSIB supports in County and municipal employment services",https://awic.ca/wp-content/uploads/2022/04/AWIC20-Dollars-and-Sense-2022.pdf
503 Queen Street East,Sault Ste. Marie,Sault Community Career Centre,705-759-0909,deep_dive,"Transitional Employment / Work Experience Funding: ODSP, Ministry grants, or WSIB supports in County and municipal employment services",https://awic.ca/wp-content/uploads/2022/04/AWIC20-Dollars-and-Sense-2022.pdf
50 Broadway Ave,Wawa,Algoma District Services Administration Board (ADSAB) - Wawa Office,705-856-2303 / 1-866-847-9953,deep_dive,"Transitional Employment / Work Experience Funding: ODSP, Ministry grants, or WSIB supports in County and municipal employment services",https://awic.ca/wp-content/uploads/2022/04/AWIC20-Dollars-and-Sense-2022.pdf
201-135 Dawson Street,Thessalon,Algoma District Services Administration Board (ADSAB) - Central Algoma Office,705-842-3370,deep_dive,"Transitional Employment / Work Experience Funding: ODSP, Ministry grants, or WSIB supports in County and municipal employment services",https://awic.ca/wp-content/uploads/2022/04/AWIC20-Dollars-and-Sense-2022.pdf
2 Elizabeth Walk,Elliot Lake,Algoma District Services Administration Board (ADSAB) - Elliot Lake Office,705-848-7153,deep_dive,"Transitional Employment / Work Experience Funding: ODSP, Ministry grants, or WSIB supports in County and municipal employment services",https://awic.ca/wp-content/uploads/2022/04/AWIC20-Dollars-and-Sense-2022.pdf
15 Hanes Ave.,Blind River,Algoma District Services Administration Board (ADSAB) - Blind River Office,705-356-2263,deep_dive,"Transitional Employment / Work Experience Funding: ODSP, Ministry grants, or WSIB supports in County and municipal employment services",https://awic.ca/wp-content/uploads/2022/04/AWIC20-Dollars-and-Sense-2022.pdf
540 Albert Street East,Sault Ste. Marie,Ontario Works Employment Services,705-759-5266,deep_dive,"Transitional Employment / Work Experience Funding: ODSP, Ministry grants, or WSIB supports in County and municipal employment services",https://awic.ca/wp-content/uploads/2022/04/AWIC20-Dollars-and-Sense-2022.pdf
22 Bay Street,Sault Ste. Marie,Service Canada Centre,1-800-622-6232,deep_dive,"Transitional Employment / Work Experience Funding: ODSP, Ministry grants, or WSIB supports in County and municipal employment services",https://awic.ca/wp-content/uploads/2022/04/AWIC20-Dollars-and-Sense-2022.pdf
"48 Mission Road, Wawa, ON, P0S 1K0",Wawa,"Ministry of Energy, Northern Development & Mines (Wawa)",705-856-4743,deep_dive,"Transitional Employment / Work Experience Funding: ODSP, Ministry grants, or WSIB supports in County and municipal employment services",https://awic.ca/wp-content/uploads/2022/04/AWIC20-Dollars-and-Sense-2022.pdf
"50 Hillside Dr. North, Elliot Lake, ON, P5A 1X4",Elliot Lake,"Ministry of Energy, Northern Development & Mines (Elliot Lake/Blind River)",705-848-5969,deep_dive,"Transitional Employment / Work Experience Funding: ODSP, Ministry grants, or WSIB supports in County and municipal employment services",https://awic.ca/wp-content/uploads/2022/04/AWIC20-Dollars-and-Sense-2022.pdf
"70 Foster Drive, Suite 200, Sault Ste. Marie, ON, P6A 6V8",Sault Ste. Marie,Northern Ontario Heritage Fund Corporation,705-945-6700,deep_dive,"Transitional Employment / Work Experience Funding: ODSP, Ministry grants, or WSIB supports in County and municipal employment services",https://awic.ca/wp-content/uploads/2022/04/AWIC20-Dollars-and-Sense-2022.pdf
"50 Hillside Drive North, Elliot Lake, ON, P5A 1X4",Elliot Lake,"Ministry of Labour, Training & Skills Development (Elliot Lake)",705-848-4661,deep_dive,"Transitional Employment / Work Experience Funding: ODSP, Ministry grants, or WSIB supports in County and municipal employment services",https://awic.ca/wp-content/uploads/2022/04/AWIC20-Dollars-and-Sense-2022.pdf
"477 Queen Street East, 4th Floor, Sault Ste. Marie, ON, P6A 1Z5",Sault Ste. Marie,"Ministry of Labour, Training & Skills Development (Sault Ste. Marie)",705-945-6815,deep_dive,"Transitional Employment / Work Experience Funding: ODSP, Ministry grants, or WSIB supports in County and municipal employment services",https://awic.ca/wp-content/uploads/2022/04/AWIC20-Dollars-and-Sense-2022.pdf
760 Notre Dame Ave Unit M,Sudbury,Indigenous & Northern Affairs Canada,705-622-5100,deep_dive,"Transitional Employment / Work Experience Funding: ODSP, Ministry grants, or WSIB supports in County and municipal employment services",https://awic.ca/wp-content/uploads/2022/04/AWIC20-Dollars-and-Sense-2022.pdf
644 Albert St. E,Sault Ste. Marie,Holy Angels Learning Centre,705-945-7111,deep_dive,"Transitional Employment / Work Experience Funding: ODSP, Ministry grants, or WSIB supports in County and municipal employment services",https://awic.ca/wp-content/uploads/2022/04/AWIC20-Dollars-and-Sense-2022.pdf
102 Wellington St.,Sault Ste. Marie,Huron-Superior Catholic District School Board,705-945-5656,deep_dive,"Transitional Employment / Work Experience Funding: ODSP, Ministry grants, or WSIB supports in County and municipal employment services",https://awic.ca/wp-content/uploads/2022/04/AWIC20-Dollars-and-Sense-2022.pdf
443 Northern Ave,Sault Ste. Marie,Sault College,705-759-2554,deep_dive,"Transitional Employment / Work Experience Funding: ODSP, Ministry grants, or WSIB supports in County and municipal employment services",https://awic.ca/wp-content/uploads/2022/04/AWIC20-Dollars-and-Sense-2022.pdf
Queen Street East,Sault Ste. Marie,AWIC,705-941-9341,deep_dive,"Transitional Employment / Work Experience Funding: ODSP, Ministry grants, or WSIB supports in County and municipal employment services",https://awic.ca/wp-content/uploads/2022/04/AWIC20-Dollars-and-Sense-2022.pdf
"1354 Wellington Street West, 3rd Floor, Ottawa, ON K1Y 3C3",Ottawa,Caledon Institute of Social Policy,(613) 729-3340,deep_dive,"Transitional Employment / Work Experience Funding: ODSP, Ministry grants, or WSIB supports in County and municipal employment services",https://maytree.com/wp-content/uploads/CaledonPDF-1105ENG.pdf
"201 Granby St., Norfolk, VA 23510",Norfolk,"Norfolk Works, Inc.",(757) 623-1111 x426,artifact_hunter,Transitional Employment / Work Experience in County and municipal employment services Program brochures and flyers (PDF),https://www.huduser.gov/publications/pdf/w2w.pdf
2239 E. 55th St.,Cleveland,Job Match / Vocational Guidance Services,(216) 664-3083,artifact_hunter,Transitional Employment / Work Experience in County and municipal employment services Program brochures and flyers (PDF),https://www.huduser.gov/publications/pdf/w2w.pdf
"3901 Beaubien, Suite 1K-52",Detroit,New Beginnings (The Detroit Medical Center),(313) 966-7495,artifact_hunter,Transitional Employment / Work Experience in County and municipal employment services Program brochures and flyers (PDF),https://www.huduser.gov/publications/pdf/w2w.pdf
"830 E. Jefferson, Phoenix, AZ 85034",Phoenix,Economic Initiatives (EI) program,(602) 261-8946,artifact_hunter,Transitional Employment / Work Experience in County and municipal employment services Program brochures and flyers (PDF),https://www.huduser.gov/publications/pdf/w2w.pdf
"832 4th Avenue South, Grand Forks, ND 58201",Grand Forks,"Learning Center (Mamie Rytter, Learning Center Coordinator)",(701) 795-6300,artifact_hunter,Transitional Employment / Work Experience in County and municipal employment services Program brochures and flyers (PDF),https://www.huduser.gov/publications/pdf/w2w.pdf
"1405 1st Avenue North, Grand Forks, ND 58203",Grand Forks,Grand Forks Housing Authority (Family Self Sufficiency Coordinator: Craig Knudsvig),(701) 746-2545,artifact_hunter,Transitional Employment / Work Experience in County and municipal employment services Program brochures and flyers (PDF),https://www.huduser.gov/publications/pdf/w2w.pdf
"2600 Wilshire Blvd, P.O. Box 17157, Los Angeles, CA 90057",Los Angeles,Emma Hernandez,(213) 252-6100,artifact_hunter,Transitional Employment / Work Experience in County and municipal employment services Program brochures and flyers (PDF),https://www.huduser.gov/publications/pdf/w2w.pdf
6917 Holly Park Drive South,Seattle,"Jan Waggoner, COL Site Supervisor",(206) 721-5201,artifact_hunter,Transitional Employment / Work Experience in County and municipal employment services Program brochures and flyers (PDF),https://www.huduser.gov/publications/pdf/w2w.pdf
120 6th Avenue North,Seattle,"Doris Koo, HOPE VI Coordinator, Seattle Housing Authority",(206) 615-3550,artifact_hunter,Transitional Employment / Work Experience in County and municipal employment services Program brochures and flyers (PDF),https://www.huduser.gov/publications/pdf/w2w.pdf
"110 North Colfax Avenue, Denver, CO 80204",Denver,North Lincoln Homes Campus of Learners Program,(303) 298-8044 x118,artifact_hunter,Transitional Employment / Work Experience in County and municipal employment services Program brochures and flyers (PDF),https://www.huduser.gov/publications/pdf/w2w.pdf
"410 E. Lexington St., Baltimore, MD 21202",Baltimore,Fair Housing and Equal Opportunity Office (HABC),(410) 396-3246,artifact_hunter,Transitional Employment / Work Experience in County and municipal employment services Program brochures and flyers (PDF),https://www.huduser.gov/publications/pdf/w2w.pdf
"410 E. Lexington St., Baltimore, MD 21202",Baltimore,Step-Up Program (HABC),(410) 396-1215,artifact_hunter,Transitional Employment / Work Experience in County and municipal employment services Program brochures and flyers (PDF),https://www.huduser.gov/publications/pdf/w2w.pdf
"410 E. Lexington St., Baltimore, MD 21202",Baltimore,Housing Authority of Baltimore City (HABC),(410) 396-2969,artifact_hunter,Transitional Employment / Work Experience in County and municipal employment services Program brochures and flyers (PDF),https://www.huduser.gov/publications/pdf/w2w.pdf
"112 Hollywood Drive, Butler, PA 16001",Butler,Career T.R.A.C.K. (Butler County),724-431-4040,artifact_hunter,Transitional Employment / Work Experience in County and municipal employment services Program brochures and flyers (PDF),https://www.pa.gov/content/dam/copapwp-pagov/en/dli/documents/businesses/workforce-development/documents/wioa/regional/tri-county-local.pdf
"11931 State Route 85, Suite C, Kittanning, PA 16201",Kittanning,Career T.R.A.C.K. (Armstrong County),724-919-8544,artifact_hunter,Transitional Employment / Work Experience in County and municipal employment services Program brochures and flyers (PDF),https://www.pa.gov/content/dam/copapwp-pagov/en/dli/documents/businesses/workforce-development/documents/wioa/regional/tri-county-local.pdf
"300 Indian Springs Road, Indiana, PA 15701",Indiana,Career T.R.A.C.K. (Indiana County),724-471-7220,artifact_hunter,Transitional Employment / Work Experience in County and municipal employment services Program brochures and flyers (PDF),https://www.pa.gov/content/dam/copapwp-pagov/en/dli/documents/businesses/workforce-development/documents/wioa/regional/tri-county-local.pdf
"651 Boas St. Room 625, Harrisburg, PA 17121",Harrisburg,UC Board of Review,717-787-4127,artifact_hunter,Transitional Employment / Work Experience in County and municipal employment services Program brochures and flyers (PDF),https://www.pa.gov/content/dam/copapwp-pagov/en/dli/documents/businesses/workforce-development/documents/wioa/regional/tri-county-local.pdf
"625 Forster St, Harrisburg, PA 17120",Harrisburg,"Department of Human Services (DHS), TCWIB EARN Program",724-953-4435; 717-783-5818,artifact_hunter,Transitional Employment / Work Experience in County and municipal employment services Program brochures and flyers (PDF),https://www.pa.gov/content/dam/copapwp-pagov/en/dli/documents/businesses/workforce-development/documents/wioa/regional/tri-county-local.pdf
"300 Indian Springs Road, Indiana, PA 15701",Indiana,Alliance for Non-Profit Resources,724-431-3663,artifact_hunter,Transitional Employment / Work Experience in County and municipal employment services Program brochures and flyers (PDF),https://www.pa.gov/content/dam/copapwp-pagov/en/dli/documents/businesses/workforce-development/documents/wioa/regional/tri-county-local.pdf
"450 East Market Street, Kittanning, PA 16201",Kittanning,Armstrong County,724-543-2500,artifact_hunter,Transitional Employment / Work Experience in County and municipal employment services Program brochures and flyers (PDF),https://www.pa.gov/content/dam/copapwp-pagov/en/dli/documents/businesses/workforce-development/documents/wioa/regional/tri-county-local.pdf
"Technology Parkway, Mechanicsburg, PA 17050",Mechanicsburg,Department of Corrections,717-728-4045,artifact_hunter,Transitional Employment / Work Experience in County and municipal employment services Program brochures and flyers (PDF),https://www.pa.gov/content/dam/copapwp-pagov/en/dli/documents/businesses/workforce-development/documents/wioa/regional/tri-county-local.pdf
